{
  "project_info": {
    "project_number": "646314339056",
    "project_id": "charon-39c64",
    "storage_bucket": "charon-39c64.appspot.com"
  },
  "client": [
    {
      "client_info": {
        "mobilesdk_app_id": "1:646314339056:android:d94ee73eb62201a6fc7035",
        "android_client_info": {
          "package_name": "com.example.chat"
        }
      },
      "oauth_client": [
        {
          "client_id": "646314339056-566e0h7c03hu3e2rjf1kjkrk38gt27cq.apps.googleusercontent.com",
          "client_type": 3
        }
      ],
      "api_key": [
        {
          "current_key": "AIzaSyAeGvcMCjIF9AsmKE3s313rppJ04WgVAzc"
        }
      ],
      "services": {
        "appinvite_service": {
          "other_platform_oauth_client": [
            {
              "client_id": "646314339056-566e0h7c03hu3e2rjf1kjkrk38gt27cq.apps.googleusercontent.com",
              "client_type": 3
            }
          ]
        }
      }
    }
  ],
  "configuration_version": "1"
}